[
    {
        "id": "e1be98a0d87ccc29",
        "type": "tab",
        "label": "Flow 17",
        "disabled": false,
        "info": "",
        "env": []
    },
    {
        "id": "3e327e6d25818c28",
        "type": "inject",
        "z": "e1be98a0d87ccc29",
        "name": "Smart Farm ",
        "props": [
            {
                "p": "payload"
            },
            {
                "p": "topic",
                "vt": "str"
            }
        ],
        "repeat": "2",
        "crontab": "",
        "once": true,
        "onceDelay": "1",
        "topic": "",
        "payload": "",
        "payloadType": "date",
        "x": 330,
        "y": 360,
        "wires": [
            [
                "a545fc40d5f56a05",
                "e7e12e7f4f8cdb80",
                "cca5a71887f19fcc",
                "6c04a4f97a5505e0"
            ]
        ]
    },
    {
        "id": "a545fc40d5f56a05",
        "type": "random",
        "z": "e1be98a0d87ccc29",
        "name": "Temperature",
        "low": "70",
        "high": "100",
        "inte": "true",
        "property": "payload",
        "x": 690,
        "y": 420,
        "wires": [
            [
                "177bb035bddea786",
                "4f720f7040d0a88d",
                "a972e846d7727bc1"
            ]
        ]
    },
    {
        "id": "e7e12e7f4f8cdb80",
        "type": "random",
        "z": "e1be98a0d87ccc29",
        "name": "Humidity",
        "low": "400",
        "high": "800",
        "inte": "true",
        "property": "payload",
        "x": 680,
        "y": 620,
        "wires": [
            [
                "9a2f6f37a506e684",
                "f0b0c5952efb6c44",
                "d14b4afb5b9bd595"
            ]
        ]
    },
    {
        "id": "cca5a71887f19fcc",
        "type": "random",
        "z": "e1be98a0d87ccc29",
        "name": "Pressure Sensor",
        "low": "3000",
        "high": "5000",
        "inte": "true",
        "property": "payload",
        "x": 710,
        "y": 840,
        "wires": [
            [
                "18af7c7594d7ce2c",
                "7e4d485fa7daf284",
                "01afac6218ebb0cd"
            ]
        ]
    },
    {
        "id": "177bb035bddea786",
        "type": "mqtt out",
        "z": "e1be98a0d87ccc29",
        "name": "light",
        "topic": "farm/light",
        "qos": "",
        "retain": "",
        "respTopic": "",
        "contentType": "",
        "userProps": "",
        "correl": "",
        "expiry": "",
        "broker": "42f78dc81b1a3654",
        "x": 950,
        "y": 420,
        "wires": []
    },
    {
        "id": "4f720f7040d0a88d",
        "type": "debug",
        "z": "e1be98a0d87ccc29",
        "name": "debug 87",
        "active": true,
        "tosidebar": true,
        "console": false,
        "tostatus": false,
        "complete": "false",
        "statusVal": "",
        "statusType": "auto",
        "x": 980,
        "y": 480,
        "wires": []
    },
    {
        "id": "9a2f6f37a506e684",
        "type": "debug",
        "z": "e1be98a0d87ccc29",
        "name": "debug 88",
        "active": true,
        "tosidebar": true,
        "console": false,
        "tostatus": false,
        "complete": "false",
        "statusVal": "",
        "statusType": "auto",
        "x": 980,
        "y": 680,
        "wires": []
    },
    {
        "id": "18af7c7594d7ce2c",
        "type": "debug",
        "z": "e1be98a0d87ccc29",
        "name": "debug 89",
        "active": true,
        "tosidebar": true,
        "console": false,
        "tostatus": false,
        "complete": "false",
        "statusVal": "",
        "statusType": "auto",
        "x": 980,
        "y": 900,
        "wires": []
    },
    {
        "id": "f0b0c5952efb6c44",
        "type": "mqtt out",
        "z": "e1be98a0d87ccc29",
        "name": "Humid",
        "topic": "farm/humid",
        "qos": "",
        "retain": "",
        "respTopic": "",
        "contentType": "",
        "userProps": "",
        "correl": "",
        "expiry": "",
        "broker": "42f78dc81b1a3654",
        "x": 950,
        "y": 620,
        "wires": []
    },
    {
        "id": "7e4d485fa7daf284",
        "type": "mqtt out",
        "z": "e1be98a0d87ccc29",
        "name": "soil",
        "topic": "farm/soil",
        "qos": "",
        "retain": "",
        "respTopic": "",
        "contentType": "",
        "userProps": "",
        "correl": "",
        "expiry": "",
        "broker": "42f78dc81b1a3654",
        "x": 950,
        "y": 840,
        "wires": []
    },
    {
        "id": "6c04a4f97a5505e0",
        "type": "random",
        "z": "e1be98a0d87ccc29",
        "name": "Motors",
        "low": "70",
        "high": "100",
        "inte": "true",
        "property": "payload",
        "x": 670,
        "y": 300,
        "wires": [
            [
                "b521e2f3b5b386f7",
                "8095b725077861df",
                "85b8d18b0f039e84"
            ]
        ]
    },
    {
        "id": "b521e2f3b5b386f7",
        "type": "mqtt out",
        "z": "e1be98a0d87ccc29",
        "name": "irrigation",
        "topic": "farm/irrigation",
        "qos": "",
        "retain": "",
        "respTopic": "",
        "contentType": "",
        "userProps": "",
        "correl": "",
        "expiry": "",
        "broker": "42f78dc81b1a3654",
        "x": 960,
        "y": 300,
        "wires": []
    },
    {
        "id": "8095b725077861df",
        "type": "debug",
        "z": "e1be98a0d87ccc29",
        "name": "debug 90",
        "active": true,
        "tosidebar": true,
        "console": false,
        "tostatus": false,
        "complete": "false",
        "statusVal": "",
        "statusType": "auto",
        "x": 980,
        "y": 360,
        "wires": []
    },
    {
        "id": "a972e846d7727bc1",
        "type": "ui_chart",
        "z": "e1be98a0d87ccc29",
        "name": "",
        "group": "c4d6f774fb3e195a",
        "order": 1,
        "width": "0",
        "height": "0",
        "label": "light",
        "chartType": "line",
        "legend": "false",
        "xformat": "HH:mm:ss",
        "interpolate": "linear",
        "nodata": "",
        "dot": false,
        "ymin": "",
        "ymax": "",
        "removeOlder": 1,
        "removeOlderPoints": "",
        "removeOlderUnit": "3600",
        "cutout": 0,
        "useOneColor": false,
        "useUTC": false,
        "colors": [
            "#1f77b4",
            "#aec7e8",
            "#ff7f0e",
            "#2ca02c",
            "#98df8a",
            "#d62728",
            "#ff9896",
            "#9467bd",
            "#c5b0d5"
        ],
        "outputs": 1,
        "useDifferentColor": false,
        "className": "",
        "x": 990,
        "y": 540,
        "wires": [
            []
        ]
    },
    {
        "id": "d14b4afb5b9bd595",
        "type": "ui_chart",
        "z": "e1be98a0d87ccc29",
        "name": "",
        "group": "c4d6f774fb3e195a",
        "order": 1,
        "width": "0",
        "height": "0",
        "label": "Humidity",
        "chartType": "line",
        "legend": "false",
        "xformat": "HH:mm:ss",
        "interpolate": "linear",
        "nodata": "",
        "dot": false,
        "ymin": "",
        "ymax": "",
        "removeOlder": 1,
        "removeOlderPoints": "",
        "removeOlderUnit": "3600",
        "cutout": 0,
        "useOneColor": false,
        "useUTC": false,
        "colors": [
            "#1f77b4",
            "#aec7e8",
            "#ff7f0e",
            "#2ca02c",
            "#98df8a",
            "#d62728",
            "#ff9896",
            "#9467bd",
            "#c5b0d5"
        ],
        "outputs": 1,
        "useDifferentColor": false,
        "className": "",
        "x": 980,
        "y": 740,
        "wires": [
            []
        ]
    },
    {
        "id": "01afac6218ebb0cd",
        "type": "ui_chart",
        "z": "e1be98a0d87ccc29",
        "name": "",
        "group": "c4d6f774fb3e195a",
        "order": 1,
        "width": "0",
        "height": "0",
        "label": "soil",
        "chartType": "line",
        "legend": "false",
        "xformat": "HH:mm:ss",
        "interpolate": "linear",
        "nodata": "",
        "dot": false,
        "ymin": "",
        "ymax": "",
        "removeOlder": 1,
        "removeOlderPoints": "",
        "removeOlderUnit": "3600",
        "cutout": 0,
        "useOneColor": false,
        "useUTC": false,
        "colors": [
            "#1f77b4",
            "#aec7e8",
            "#ff7f0e",
            "#2ca02c",
            "#98df8a",
            "#d62728",
            "#ff9896",
            "#9467bd",
            "#c5b0d5"
        ],
        "outputs": 1,
        "useDifferentColor": false,
        "className": "",
        "x": 950,
        "y": 780,
        "wires": [
            []
        ]
    },
    {
        "id": "85b8d18b0f039e84",
        "type": "ui_chart",
        "z": "e1be98a0d87ccc29",
        "name": "",
        "group": "c4d6f774fb3e195a",
        "order": 1,
        "width": "0",
        "height": "0",
        "label": "irrigation",
        "chartType": "line",
        "legend": "false",
        "xformat": "HH:mm:ss",
        "interpolate": "linear",
        "nodata": "",
        "dot": false,
        "ymin": "",
        "ymax": "",
        "removeOlder": 1,
        "removeOlderPoints": "",
        "removeOlderUnit": "3600",
        "cutout": 0,
        "useOneColor": false,
        "useUTC": false,
        "colors": [
            "#1f77b4",
            "#aec7e8",
            "#ff7f0e",
            "#2ca02c",
            "#98df8a",
            "#d62728",
            "#ff9896",
            "#9467bd",
            "#c5b0d5"
        ],
        "outputs": 1,
        "useDifferentColor": false,
        "className": "",
        "x": 940,
        "y": 180,
        "wires": [
            []
        ]
    },
    {
        "id": "42f78dc81b1a3654",
        "type": "mqtt-broker",
        "name": "localhost",
        "broker": "localhost",
        "port": "1883",
        "clientid": "",
        "autoConnect": true,
        "usetls": false,
        "protocolVersion": "4",
        "keepalive": "60",
        "cleansession": true,
        "birthTopic": "",
        "birthQos": "0",
        "birthPayload": "",
        "birthMsg": {},
        "closeTopic": "",
        "closeQos": "0",
        "closePayload": "",
        "closeMsg": {},
        "willTopic": "",
        "willQos": "0",
        "willPayload": "",
        "willMsg": {},
        "userProps": "",
        "sessionExpiry": ""
    },
    {
        "id": "c4d6f774fb3e195a",
        "type": "ui_group",
        "name": "Susu Hewani dan Telur",
        "tab": "eab793fb6fb4c727",
        "order": 1,
        "disp": true,
        "width": "6",
        "collapse": false,
        "className": ""
    },
    {
        "id": "eab793fb6fb4c727",
        "type": "ui_tab",
        "name": "Group 4",
        "icon": "dashboard",
        "disabled": false,
        "hidden": false
    }
]